{"cameraMode":{"drawMode":0,"name":"Shaded","section":"Shading Mode"},"sceneLighting":true,"audioPlay":false,"sceneViewState":{"m_AlwaysRefresh":false,"showFog":true,"showSkybox":true,"showFlares":true,"showImageEffects":true,"showParticleSystems":true,"showVisualEffectGraphs":true,"m_FxEnabled":true},"in2DMode":false,"pivot":{"x":-2.145561933517456,"y":1.188670039176941,"z":34.613685607910159},"rotation":{"x":0.021724669262766839,"y":0.09583514928817749,"z":-0.0020772742573171856,"w":0.9952004551887512},"size":1.9945871829986573,"orthographic":false}